{
    "revisit_indicator":0.4589085007,
    "visit_local_indicator":0.3976571565,
    "planned_activity":0.0368824736,
    "stay_duration":0.0226750987,
    "food_percent":0.0223403219,
    "shopping_percent":0.0141709453,
    "accommodation_percent":0.0140189851,
    "language":0.0044699972,
    "budget":0.0041996554,
    "safety":0.0039268631,
    "navigation":0.0038408829,
    "transport":0.0036206833,
    "food":0.0035211253,
    "accommodation":0.0034456459,
    "landscape":0.0032784775,
    "heritage":0.0030431879
}